ticker,sector,valuation_score,valuation_grade,growth_score,growth_grade,profitability_score,profitability_grade,momentum_score,momentum_grade,eps_revisions_score,eps_revisions_grade,overall_score,overall_rating
LIN,Basic Materials,0.0,F,100.0,A+,100.0,A+,100.0,A+,100.0,A+,80.0,Strong Buy
NVDA,Technology,30.952380952380945,C,97.61904761904762,A+,97.61904761904762,A+,83.33333333333336,A-,62.5,B,74.40476190476191,Buy
AMZN,Consumer Cyclical,50.0,B-,92.85714285714286,A,64.28571428571429,B,95.83333333333333,A,68.75,B,74.3452380952381,Buy
KO,Consumer Defensive,25.714285714285715,C-,68.57142857142857,B,91.42857142857143,A,100.0,A+,75.0,B+,72.14285714285714,Buy
CVX,Energy,35.714285714285715,C,71.42857142857143,B+,85.71428571428571,A-,91.66666666666667,A,75.0,B+,71.9047619047619,Buy
META,Communication Services,35.714285714285715,C,78.57142857142857,B+,71.42857142857143,B+,66.66666666666667,B,75.0,B+,65.47619047619048,Buy
MA,Financial Services,21.428571428571427,C-,92.85714285714286,A,89.28571428571429,A-,58.333333333333336,B-,62.5,B,64.88095238095238,Buy
GOOGL,Communication Services,14.285714285714286,D,71.42857142857143,B+,78.57142857142857,B+,83.33333333333333,A-,75.0,B+,64.52380952380953,Buy
MRK,Healthcare,30.95238095238096,C,80.95238095238096,A-,40.47619047619047,C+,94.44444444444446,A,75.0,B+,64.36507936507937,Buy
MCD,Consumer Cyclical,42.857142857142854,C+,67.85714285714286,B,85.71428571428571,A-,45.833333333333336,C+,68.75,B,62.20238095238096,Buy
ABBV,Healthcare,26.190476190476193,C-,57.14285714285713,B-,73.80952380952382,B+,58.333333333333336,B-,91.66666666666667,A,61.42857142857144,Buy
JPM,Financial Services,53.57142857142857,B-,60.714285714285715,B,39.285714285714285,C,83.33333333333333,A-,62.5,B,59.88095238095239,Hold
MSFT,Technology,52.3809523809524,B-,64.28571428571429,B,64.28571428571429,B,52.77777777777777,B-,62.5,B,59.24603174603176,Hold
XOM,Energy,14.285714285714286,D,78.57142857142857,B+,64.28571428571429,B,58.333333333333336,B-,75.0,B+,58.0952380952381,Hold
AVGO,Technology,11.904761904761907,D,83.33333333333334,A-,71.42857142857142,B+,36.11111111111111,C,87.5,A-,58.05555555555556,Hold
UNH,Healthcare,76.19047619047619,B+,59.523809523809526,B-,40.476190476190474,C+,63.88888888888889,B,49.99999999999999,C+,58.01587301587302,Hold
V,Financial Services,3.5714285714285716,F,57.142857142857146,B-,85.71428571428571,A-,79.16666666666667,B+,62.5,B,57.61904761904762,Hold
COST,Consumer Defensive,22.857142857142858,C-,85.71428571428571,A-,42.857142857142854,C+,60.0,B,75.0,B+,57.285714285714285,Hold
ABT,Healthcare,54.761904761904766,B-,54.76190476190475,B-,59.52380952380952,B-,27.77777777777777,C-,75.0,B+,54.36507936507937,Hold
TMO,Healthcare,28.571428571428566,C-,64.28571428571429,B,73.80952380952381,B+,69.44444444444444,B,29.166666666666664,C-,53.055555555555564,Hold
PEP,Consumer Defensive,65.71428571428571,B,34.285714285714285,C,62.857142857142854,B,40.0,C+,55.0,B-,51.57142857142857,Hold
HD,Consumer Cyclical,42.857142857142854,C+,39.285714285714285,C,71.42857142857143,B+,58.333333333333336,B-,43.75,C+,51.13095238095238,Hold
CSCO,Technology,47.61904761904761,C+,38.09523809523809,C,30.952380952380945,C,75.0,B+,62.5,B,50.83333333333333,Hold
PG,Consumer Defensive,42.857142857142854,C+,31.428571428571427,C,74.28571428571429,B+,63.333333333333336,B,40.0,C+,50.38095238095238,Hold
WMT,Consumer Defensive,42.857142857142854,C+,80.0,A-,28.571428571428573,C-,36.666666666666664,C,55.0,B-,48.61904761904762,Hold
BRK-B,Financial Services,71.42857142857143,B+,39.285714285714285,C,35.714285714285715,C,29.166666666666668,C-,62.5,B,47.61904761904762,Hold
AAPL,Technology,23.809523809523807,C-,35.71428571428571,C,64.28571428571429,B,63.88888888888888,B,37.5,C,45.039682539682545,Hold
ACN,Technology,83.33333333333336,A-,30.952380952380945,C,21.428571428571423,C-,38.88888888888888,C,37.5,C,42.420634920634924,Hold
TSLA,Consumer Cyclical,14.285714285714286,D,50.0,B-,28.571428571428573,C-,50.0,B-,68.75,B,42.32142857142857,Hold
DHR,Healthcare,33.33333333333333,C,33.33333333333333,C,61.90476190476191,B,36.11111111111111,C,29.166666666666664,C-,38.76984126984127,Sell
