date,action,ticker
2019-01-18,add,TFX
2019-01-18,remove,PCG
2019-02-15,add,ATO
2019-02-15,remove,NFX
2019-02-27,add,WAB
2019-02-27,remove,GT
2019-04-02,add,DOW
2019-04-02,remove,BHF
2019-06-01,add,LHX
2019-06-01,remove,HRS
2019-06-03,add,CTVA
2019-06-03,add,DD
2019-06-03,remove,DWDP
2019-06-03,remove,FLR
2019-06-07,add,AMCR
2019-06-07,remove,MAT
2019-07-01,add,MKTX
2019-07-01,remove,LLL
2019-07-15,add,TMUS
2019-07-15,remove,RHT
2019-08-08,add,GL
2019-08-08,remove,TMK
2019-08-09,add,IEX
2019-08-09,add,LDOS
2019-08-09,remove,APC
2019-08-09,remove,FL
2019-09-23,add,CDW
2019-09-23,remove,TSS
2019-09-26,add,NVR
2019-09-26,remove,JEF
2019-10-03,add,LVS
2019-10-03,remove,NKTR
2019-10-18,add,BKR
2019-10-18,remove,BHGE
2019-11-05,add,NLOK
2019-11-05,add,PEAK
2019-11-05,remove,HCP
2019-11-05,remove,SYMC
2019-11-21,add,NOW
2019-11-21,remove,CELG
2019-12-05,add,VIAC
2019-12-05,add,WRB
2019-12-05,remove,CBS
2019-12-05,remove,VIAB
2019-12-09,add,ODFL
2019-12-09,add,TFC
2019-12-09,remove,BBT
2019-12-09,remove,STI
2019-12-10,add,J
2019-12-10,remove,JEC
2019-12-23,add,LYV
2019-12-23,add,STE
2019-12-23,add,ZBRA
2019-12-23,remove,AMG
2019-12-23,remove,MAC
2019-12-23,remove,TRIP
2020-01-28,add,PAYC
2020-01-28,remove,WCG
2020-03-03,add,TT
2020-03-03,remove,XEC
2020-04-03,add,CARR
2020-04-03,add,OTIS
2020-04-03,add,RTX
2020-04-03,remove,UTX
2020-04-06,add,HWM
2020-04-06,remove,ARNC
2020-04-06,remove,M
2020-04-06,remove,RTN
2020-05-12,add,DPZ
2020-05-12,add,DXCM
2020-05-12,remove,AGN
2020-05-12,remove,CPRI
2020-05-22,add,WST
2020-05-22,remove,HP
2020-06-22,add,BIO
2020-06-22,add,TDY
2020-06-22,add,TYL
2020-06-22,remove,ADS
2020-06-22,remove,HOG
2020-06-22,remove,JWN
2020-09-18,add,LUMN
2020-09-18,remove,CTL
2020-09-21,add,CTLT
2020-09-21,add,ETSY
2020-09-21,add,TER
2020-09-21,remove,COTY
2020-09-21,remove,HRB
2020-09-21,remove,KSS
2020-10-07,add,POOL
2020-10-07,remove,ETFC
2020-10-12,add,VNT
2020-10-12,remove,NBL
2020-11-17,add,VTRS
2020-11-17,remove,MYL
2020-12-21,add,TSLA
2020-12-21,remove,AIV
2021-01-07,add,ENPH
2021-01-07,remove,TIF
2021-01-21,add,TRMB
2021-01-21,remove,CXO
2021-02-12,add,MPWR
2021-02-12,remove,FTI
2021-03-22,add,CZR
2021-03-22,add,GNRC
2021-03-22,add,NXPI
2021-03-22,add,PENN
2021-03-22,remove,FLS
2021-03-22,remove,SLG
2021-03-22,remove,VNT
2021-03-22,remove,XRX
2021-04-20,add,PTC
2021-04-20,remove,VAR
2021-05-14,add,CRL
2021-05-14,remove,FLIR
2021-06-04,add,OGN
2021-06-04,remove,HFC
2021-07-21,add,MRNA
2021-07-21,remove,ALXN
2021-08-03,add,BBWI
2021-08-03,remove,LB
2021-08-30,add,TECH
2021-08-30,remove,MXIM
2021-09-20,add,BRO
2021-09-20,add,CDAY
2021-09-20,add,MTCH
2021-09-20,remove,NOV
2021-09-20,remove,PRGO
2021-09-20,remove,UNM
2021-10-04,add,CTRA
2021-10-04,remove,COG
2021-12-14,add,EPAM
2021-12-14,remove,KSU
2021-12-20,add,FDS
2021-12-20,add,SBNY
2021-12-20,add,SEDG
2021-12-20,remove,HBI
2021-12-20,remove,LEG
2021-12-20,remove,WU
2022-01-10,add,WTW
2022-01-10,remove,WLTW
2022-02-02,add,CEG
2022-02-02,remove,GPS
2022-02-15,add,NDSN
2022-02-15,remove,XLNX
2022-02-17,add,PARA
2022-02-17,remove,VIAC
2022-03-02,add,MOH
2022-03-02,remove,INFO
2022-04-04,add,CPT
2022-04-04,remove,PBCT
2022-04-11,add,WBD
2022-04-11,remove,DISCA
2022-04-11,remove,DISCK
2022-05-10,add,BALL
2022-05-10,remove,BLL
2022-06-08,add,VICI
2022-06-08,remove,CERN
2022-06-09,add,META
2022-06-09,remove,FB
2022-06-21,add,KDP
2022-06-21,add,ON
2022-06-21,remove,IPGP
2022-06-21,remove,UA
2022-06-21,remove,UAA
2022-06-28,add,ELV
2022-06-28,remove,ANTM
2022-09-19,add,CSGP
2022-09-19,add,INVH
2022-09-19,remove,PENN
2022-09-19,remove,PVH
2022-10-03,add,EQT
2022-10-03,add,PCG
2022-10-03,remove,CTXS
2022-10-03,remove,DRE
2022-10-12,add,TRGP
2022-10-12,remove,NLSN
2022-11-01,add,ACGL
2022-11-01,remove,TWTR
2022-11-08,add,GEN
2022-11-08,remove,NLOK
2022-12-19,add,FSLR
2022-12-19,remove,FBHS
2022-12-22,add,STLD
2022-12-22,remove,ABMD
2023-01-04,add,GEHC
2023-01-04,remove,VNO
2023-03-15,add,BG
2023-03-15,add,PODD
2023-03-15,remove,SBNY
2023-03-15,remove,SIVB
2023-03-20,add,FICO
2023-03-20,remove,LUMN
2023-05-04,add,AXON
2023-05-04,remove,FRC
2023-05-16,add,RVTY
2023-05-16,remove,PKI
2023-06-07,add,FI
2023-06-07,remove,FISV
2023-06-20,add,PANW
2023-06-20,remove,DISH
2023-07-10,add,EG
2023-07-10,remove,RE
2023-08-25,add,KVUE
2023-08-25,remove,AAP
2023-08-30,add,COR
2023-08-30,remove,ABC
2023-09-18,add,ABNB
2023-09-18,add,BX
2023-09-18,remove,LNC
2023-09-18,remove,NWL
2023-10-02,add,VLTO
2023-10-02,remove,DXC
2023-10-18,add,HUBB
2023-10-18,add,LULU
2023-10-18,remove,ATVI
2023-10-18,remove,OGN
2023-12-18,add,BLDR
2023-12-18,add,JBL
2023-12-18,add,UBER
2023-12-18,remove,ALK
2023-12-18,remove,SEDG
2023-12-18,remove,SEE
2024-02-01,add,DAY
2024-02-01,remove,CDAY
2024-03-04,add,DOC
2024-03-04,remove,PEAK
2024-03-18,add,DECK
2024-03-18,add,SMCI
2024-03-18,remove,WHR
2024-03-18,remove,ZION
2024-03-25,add,CPAY
2024-03-25,remove,FLT
2024-04-01,add,SOLV
2024-04-01,remove,VFC
2024-04-02,add,GEV
2024-04-02,remove,XRAY
2024-05-08,add,VST
2024-05-08,remove,PXD
2024-06-24,add,CRWD
2024-06-24,add,GDDY
2024-06-24,add,KKR
2024-06-24,remove,CMA
2024-06-24,remove,ILMN
2024-06-24,remove,RHI
2024-07-08,add,SW
2024-07-08,remove,WRK
2024-09-23,add,DELL
2024-09-23,add,ERIE
2024-09-23,add,PLTR
2024-09-23,remove,AAL
2024-09-23,remove,BIO
2024-09-23,remove,ETSY
2024-09-30,add,AMTM
2024-10-01,remove,BBWI
2024-11-26,add,TPL
2024-11-26,remove,MRO
2024-12-23,add,APO
2024-12-23,add,LII
2024-12-23,add,WDAY
2024-12-23,remove,AMTM
2024-12-23,remove,CTLT
2024-12-23,remove,QRVO
2025-03-24,add,DASH
2025-03-24,add,EXE
2025-03-24,add,TKO
2025-03-24,add,WSM
2025-03-24,remove,BWA
2025-03-24,remove,CE
2025-03-24,remove,FMC
2025-03-24,remove,TFX
2025-05-19,add,COIN
2025-05-19,remove,DFS
2025-07-09,add,DDOG
2025-07-09,remove,JNPR
2025-07-18,add,TTD
2025-07-18,remove,ANSS
2025-07-23,add,XYZ
2025-07-23,remove,HES
2025-08-08,add,PSKY
2025-08-08,remove,PARA
2025-08-28,add,IBKR
2025-08-28,remove,WBA
2025-09-22,add,APP
2025-09-22,add,EME
2025-09-22,add,HOOD
2025-09-22,remove,CZR
2025-09-22,remove,ENPH
2025-09-22,remove,MKTX
2025-10-30,add,SOLS
2025-10-31,remove,KMX
2025-11-03,add,Q
2025-11-04,remove,EMN
2025-11-11,add,FISV
2025-11-11,remove,FI
2025-11-28,add,SNDK
2025-11-28,remove,IPG
2025-12-11,add,ARES
2025-12-11,remove,K
2025-12-22,add,CRH
2025-12-22,add,CVNA
2025-12-22,add,FIX
2025-12-22,remove,LKQ
2025-12-22,remove,MHK
2025-12-22,remove,SOLS
2026-01-14,add,MRSH
2026-01-14,remove,MMC
2026-02-09,add,CIEN
2026-02-09,remove,DAY
2026-03-23,add,COHR
2026-03-23,add,LITE
2026-03-23,add,SATS
2026-03-23,add,VRT
2026-03-23,remove,LW
2026-03-23,remove,MOH
2026-03-23,remove,MTCH
2026-03-23,remove,PAYC
2026-04-09,add,CASY
2026-04-09,remove,HOLX
2026-05-07,add,VEEV
2026-05-07,remove,CTRA
2026-05-21,add,BNY
2026-05-21,remove,BK
2026-06-01,add,FDXF
2026-06-02,remove,EPAM
2026-06-22,add,FLEX
2026-06-22,add,MRVL
2026-06-22,remove,CPB
2026-06-22,remove,POOL
2026-06-24,add,ECHO
2026-06-24,remove,SATS
2026-06-29,add,HONA
2026-06-30,remove,CAG
2026-08-05,add,FERG
2026-08-05,remove,EA
2026-08-18,add,RDDT
2026-08-18,add,VMRK
2026-08-18,remove,AVB
2026-08-18,remove,EQR
